Ausgabe,,,
531879220," PS4 Playstation 4 Spiele Set - Resident Evil, Fifa, Assassins Creed, Starwars, Days Gone, Killzone u. a.",8, www.willhaben.at
531877082, Playstation 4 Slim 1Tb + 2 Controller und 5 Spiele,280, www.willhaben.at
531876662, Ps5 Playstation 5 Sony Neu,700, www.willhaben.at
531876094, LEGO Super Heroes 76175 Angriff auf Spider-Mans Versteck,75, www.willhaben.at
531875843," Playstation 2 inkl. Spiele, 3 Controller",70, www.willhaben.at
531873884, Sony Playstation 5 (PS5) Disc Edition - NEU und ORIGINAL verpackt + FIFA 22,805, www.willhaben.at
531873661, (TAUSCH) Playstation 5 - Xbox series x,650, www.willhaben.at
531873562, Verkaufe PlayStation Spiele,5, www.willhaben.at
531873217, Sony Playstation 5 (PS5) Disc Edition - NEU und ORIGINAL verpackt + 2 Spiele,785, www.willhaben.at
531872647, Playstation 5 mit Laufwerk,730, www.willhaben.at
531872282, Sony PlayStation 5 Disc mit Rechnung versiegelt Neu Fix Preis,680, www.willhaben.at
531870619, PS5 Faceplate Cover Abdeckung,45, www.willhaben.at
531867466," Originalverpacktes PS4 / PS5 Spiel ""Mafia TRILOGY - Definitive Edition"", Erstauflage im schönen aufklappbaren Digipak mit allen 3 Teilen (Mafia, Mafia 2, Mafia 3), noch NEU + ORIGINALVERPACKT in Folie eingeschweißt, um 30. - Euro (Fixpreis bei Abholung).",30, www.willhaben.at
531867370, Dead or Alive 5 für Ps4,10, www.willhaben.at
531867334," Originalverpacktes PS4 Spiel ""Watch Dogs LEGION"", inkl. GRATIS PS5 Upgrade, das Spiel ist noch NEU und ORIGINALVERPACKT in Folie eingeschweißt, um 20. - Euro (Fixpreis bei Abholung).",20, www.willhaben.at
531866812," Originalverpacktes PS5 Spiel ""FIFA 22"", das Spiel ist noch komplett NEU und ORIGINALVERPACKT in Folie eingeschweißt, um 50. - Euro (Fixpreis bei Abholung).",50, www.willhaben.at
531848589, Logitech Z906 5.1. Sourrond Anlage mit Subwoofer und Boxenstative - ink Fernbedienung und Bluetooth Adapter,200, www.willhaben.at
531865205, Kena Bridge of Spirits PS5 Playstation 5,40, www.willhaben.at
531864627, Back 4 Blood PS5 Playstation 5,40, www.willhaben.at
531864123, Fifa 22 PS 5 Playstation 5,40, www.willhaben.at
